"","Modelos","P_Valores"
"1","MA1",0.0251055041524278
"2","MA2",0.0465075431486255
"3","MA3",0.971704793075134
